Ticker,Date,Company,Sector,Industry,Exchange,Price,Volume,Price_Last_Date,Annual_RS,Annual_RS_Rank,Annual_RS_Eligibility,Utility_Active,Utility_Window,Utility_RS,MA50,MA150,MA200,MA200_20D_Ago,High_52W,Low_52W,High_200D,Pct_From_52W_High,Pct_From_200D_High,Pct_Above_52W_Low,Avg_Dollar_Volume_20,RS_Line,RS_Line_52W_High,RS_Line_New_High,RS_Line_Pct_From_High,RS_Line_Leading_Price,Industry_RS,Industry_RS_Percentile,Sector_RS,Sector_RS_Percentile,Annual_RS_5D_Ago,Annual_RS_Change_5D,Annual_RS_20D_Ago,Annual_RS_Change_20D,Annual_RS_40D_Ago,Annual_RS_Change_40D,Annual_RS_60D_Ago,Annual_RS_Change_60D,Utility_RS_5D_Ago,Utility_RS_Change_5D,Utility_RS_10D_Ago,Utility_RS_Change_10D,Annual_RS_Acceleration,tt_price_gt_ma50,tt_price_gt_ma150,tt_price_gt_ma200,tt_ma50_gt_ma150,tt_ma150_gt_ma200,tt_ma200_rising,tt_above_52w_low,tt_near_52w_high,tt_rs_pass,Trend_Template_Score,Trend_Template_Pass,Utility_Screen_Pass,Liquidity_Pass,Established_Leader,Emerging_Leader,Resilient_Leader,Fading_Leader,flag_possible_corporate_action,data_quality_flag
GRAL,2026-10-02,"GRAIL, Inc. - Common Stock",Healthcare,Diagnostics & Research,NASDAQ,143.25999450683594,873800.0,2026-10-02,98.0,98.0,VALID,True,35,99.0,84.83279945373535,67.41113337198894,73.68497491836548,73.20812509536744,143.25999450683594,43.029998779296875,143.25999450683594,0.0,0.0,2.3293051027406246,153017057.3505783,0.18613896338572705,0.18613896338572705,True,0.0,False,116.84,93.0,37.0,19.0,,,,,,,,,,,,,,True,True,True,True,False,True,True,True,True,8,False,True,True,False,False,True,False,False,OK
IOVA,2026-10-02,"Iovance Biotherapeutics, Inc. - Common Stock",Healthcare,Biotechnology,NASDAQ,14.220000267028809,11914800.0,2026-10-02,99.0,8.0,VALID,True,35,99.0,8.271599988937378,5.408533336321513,4.732099997997284,3.8965500020980834,14.819999694824219,1.809999942779541,14.819999694824219,-0.04048579218290782,-0.04048579218290782,6.856353987056901,212353472.4753332,0.01847617067249854,0.01943275192418045,False,-0.04922520780454265,False,87.47,55.0,37.0,19.0,,,,,,,,,,,,,,True,True,True,True,True,True,True,True,True,9,True,True,True,True,False,True,False,False,OK
KOD,2026-10-02,Kodiak Sciences Inc - Common Stock,Healthcare,Biotechnology,NASDAQ,94.44999694824219,2674700.0,2026-10-02,99.0,22.0,VALID,True,35,99.0,43.650600051879884,38.84899996439616,35.63044996261597,33.05764998435974,98.45999908447266,11.600000381469727,98.45999908447266,-0.04072722093761272,-0.04072722093761272,7.142240848467569,278903768.0944443,0.12271970681174345,0.12887603285779614,False,-0.047769363391606534,False,87.47,55.0,37.0,19.0,,,,,,,,,,,,,,True,True,True,True,True,True,True,True,True,9,True,True,True,True,False,True,False,True,POSSIBLE_SPLIT
MRNA,2026-10-02,"Moderna, Inc. - Common Stock",Healthcare,Biotechnology,NASDAQ,190.00999450683594,10274100.0,2026-10-02,99.0,13.0,VALID,True,35,99.0,123.63380104064942,77.6336669921875,68.38577523231507,54.21992508888245,203.4600067138672,22.360000610351562,203.4600067138672,-0.06610641778827064,-0.06610641778827064,7.4977633864138085,2489264890.945511,0.2468816471212587,0.2662392089294384,False,-0.07270740431515499,False,87.47,55.0,37.0,19.0,,,,,,,,,,,,,,True,True,True,True,True,True,True,True,True,9,True,True,True,True,False,True,False,False,OK
VICR,2026-10-02,Vicor Corporation - Common Stock,Technology,Electronic Components,NASDAQ,308.8999938964844,1015600.0,2026-10-02,99.0,51.0,VALID,True,35,99.0,219.60659912109375,239.62313364664715,216.4338500213623,201.8756002044678,379.7799987792969,48.560001373291016,379.7799987792969,-0.18663438072209615,-0.18663438072209615,5.361202330327479,231043748.20991516,0.4013564627842099,0.509826401523404,False,-0.2127585751053237,False,110.38,90.0,52.0,69.0,,,,,,,,,,,,,,True,True,True,False,True,True,True,True,True,8,False,True,True,False,False,False,False,False,OK
ASST,2026-10-02,"Strive, Inc. - Class A Common Stock",Financial Services,Asset Management,NASDAQ,30.030000686645508,11345400.0,2026-10-02,97.0,131.0,VALID,True,35,98.0,20.98589994430542,15.854966634114584,15.52169997692108,14.682199974060058,53.20000076293945,7.164999961853027,30.329999923706055,-0.4355263109777019,-0.009891171705083579,3.19120737564932,250109781.22632027,0.03901824244463544,0.08035319690703886,False,-0.5144158048898054,False,90.86,65.0,57.0,79.0,,,,,,,,,,,,,,True,True,True,True,True,True,True,False,True,8,False,True,True,False,False,True,False,False,OK
FORM,2026-10-02,"FormFactor, Inc. - Common Stock",Technology,Semiconductor Equipment & Materials,NASDAQ,149.14999389648438,2034500.0,2026-10-02,98.0,103.0,VALID,True,35,98.0,115.27900024414062,119.37973292032878,108.53989967346192,101.76304971694947,159.92999267578125,38.13999938964844,159.92999267578125,-0.06740448491828965,-0.06740448491828965,2.910592456301012,159701393.26927185,0.19379189108899741,0.2183175326842945,False,-0.11233931280619236,False,139.11,98.0,52.0,69.0,,,,,,,,,,,,,,True,True,True,False,True,True,True,True,True,8,False,True,True,False,False,True,False,False,OK
MXL,2026-10-02,"MaxLinear, Inc - Common Stock",Technology,Semiconductors,NASDAQ,105.93000030517578,4783400.0,2026-10-02,99.0,16.0,VALID,True,35,98.0,72.64659988403321,65.37219999949137,53.614949979782104,47.19979996204376,128.02999877929688,13.050000190734863,128.02999877929688,-0.172615782901146,-0.172615782901146,7.117241284056313,252488137.32269287,0.1376357755431458,0.17187075089393306,False,-0.19919023552713022,False,127.32,97.0,52.0,69.0,,,,,,,,,,,,,,True,True,True,True,True,True,True,True,True,9,True,True,True,True,False,False,False,False,OK
OKTA,2026-10-02,"Okta, Inc. - Class A Common Stock",Technology,Software - Infrastructure,NASDAQ,211.49000549316406,2069600.0,2026-10-02,98.0,116.0,VALID,True,35,98.0,164.75350006103517,120.66280029296875,112.13592525482177,101.4036001586914,212.6300048828125,62.93000030517578,212.6300048828125,-0.005361422957577133,-0.005361422957577133,2.360718329374769,747112636.016159,0.27479081319566034,0.2783151711419444,False,-0.012663190194854845,False,93.33,70.0,52.0,69.0,,,,,,,,,,,,,,True,True,True,True,True,True,True,True,True,9,True,True,True,True,False,True,False,False,OK
P,2026-10-02,"Everpure, Inc. Class A common stock",Technology,Computer Hardware,NYSE,140.13999938964844,4886300.0,2026-10-02,97.0,159.0,VALID,True,35,98.0,102.04719985961914,81.43040000915528,78.61309995651246,75.29909994125366,140.13999938964844,56.9900016784668,140.13999938964844,0.0,0.0,1.459027816498542,852422291.7724991,0.18208512645182923,0.18208512645182923,True,0.0,False,111.95,92.0,52.0,69.0,,,,,,,,,,,,,,True,True,True,True,True,True,True,True,True,9,True,True,True,True,False,True,False,False,OK
TWST,2026-10-02,Twist Bioscience Corporation - Common Stock,Healthcare,Biotechnology,NASDAQ,188.6699981689453,2081400.0,2026-10-02,99.0,18.0,VALID,True,35,98.0,135.7144010925293,88.84113357543946,77.058250207901,64.2628000164032,193.24000549316406,25.450000762939453,193.24000549316406,-0.023649385190999794,-0.023649385190999794,6.413359234302596,380075794.8929596,0.24514057816384138,0.253386313488751,False,-0.03254214961880997,False,87.47,55.0,37.0,19.0,,,,,,,,,,,,,,True,True,True,True,True,True,True,True,True,9,True,True,True,True,False,True,False,False,OK
TXG,2026-10-02,"10x Genomics, Inc. - Common Stock",Healthcare,Medical Devices,NASDAQ,93.5,3142600.0,2026-10-02,99.0,10.0,VALID,True,35,98.0,64.80379997253418,39.94053337097168,34.74785004138946,28.703950061798096,93.5,11.470000267028809,93.5,0.0,0.0,7.151699897407262,246604393.84616852,0.12148536747106334,0.12148536747106334,True,0.0,False,81.48,30.0,37.0,19.0,,,,,,,,,,,,,,True,True,True,True,True,True,True,True,True,9,True,True,True,True,False,True,False,False,OK
ACVA,2026-10-02,ACV Auctions Inc. Class A Common Stock,Consumer Cyclical,Auto & Truck Dealerships,NYSE,10.449999809265137,2681700.0,2026-10-02,92.0,439.0,VALID,True,35,97.0,8.434199953079224,6.641999969482422,6.891299984455109,6.6670499873161315,10.479999542236328,4.150000095367432,10.479999542236328,-0.0028625700650355412,-0.0028625700650355412,1.5180721853308579,158927739.77752686,0.013577776116589486,0.015285457261796451,False,-0.11171933661906475,False,81.26,29.0,35.0,9.0,,,,,,,,,,,,,,True,True,True,True,False,True,True,True,True,8,False,True,True,False,False,True,False,False,OK
CRWD,2026-10-02,"CrowdStrike Holdings, Inc. - Class A Common Stock",Technology,Software - Infrastructure,NASDAQ,270.0400085449219,5848300.0,2026-10-02,97.0,129.0,VALID,True,35,97.0,219.79740020751953,168.01549982706706,153.54156242370607,142.0863248825073,270.0400085449219,87.5625,270.0400085449219,0.0,0.0,2.0839686914480726,2567842016.8593597,0.3508653440638387,0.3508653440638387,True,0.0,False,93.33,70.0,52.0,69.0,,,,,,,,,,,,,,True,True,True,True,True,True,True,True,True,9,True,True,True,True,False,True,False,False,OK
FRO,2026-10-02,Frontline Plc Ordinary Shares,Energy,Oil & Gas Midstream,NYSE,52.7400016784668,3771800.0,2026-10-02,98.0,119.0,VALID,True,35,97.0,42.50071929931641,36.07726552327474,32.9656848526001,30.23103133201599,52.7400016784668,17.90816307067871,52.7400016784668,0.0,0.0,1.9450257667587776,194933693.1012535,0.06852554528698435,0.06852554528698435,True,0.0,False,111.69,91.0,73.0,89.0,,,,,,,,,,,,,,True,True,True,True,True,True,True,True,True,9,True,True,True,True,False,True,False,False,OK
IBRX,2026-10-02,"ImmunityBio, Inc. - Common Stock",Healthcare,Biotechnology,NASDAQ,10.28499984741211,31160700.0,2026-10-02,99.0,53.0,VALID,True,35,97.0,7.998499927520752,7.897733300526937,7.20532497048378,6.56829997420311,11.550000190734863,1.9800000190734863,11.550000190734863,-0.109523837440064,-0.109523837440064,4.194444317341387,114228223.73775959,0.013363390223558187,0.016934914292789215,False,-0.21089708559976372,False,87.47,55.0,37.0,19.0,,,,,,,,,,,,,,True,True,True,True,True,True,True,True,True,9,True,True,True,True,False,False,False,False,OK
ILMN,2026-10-02,"Illumina, Inc. - Common Stock",Healthcare,Diagnostics & Research,NASDAQ,273.0400085449219,2835800.0,2026-10-02,97.0,140.0,VALID,True,35,97.0,218.89079986572267,171.9031327311198,162.70334964752197,151.38204975128173,273.8999938964844,91.0,273.8999938964844,-0.003139778644491331,-0.003139778644491331,2.0004396543398006,1015569855.3902435,0.35476327029285676,0.3588633949930092,False,-0.011425307672386809,False,116.84,93.0,37.0,19.0,,,,,,,,,,,,,,True,True,True,True,True,True,True,True,True,9,True,True,True,True,False,True,False,False,OK
NTRA,2026-10-02,"Natera, Inc. - Common Stock",Healthcare,Diagnostics & Research,NASDAQ,410.3500061035156,1871300.0,2026-10-02,97.0,177.0,VALID,True,35,97.0,331.06970153808595,256.51343404134116,249.0519504547119,235.03555030822753,414.5199890136719,160.2100067138672,414.5199890136719,-0.010059787273657195,-0.010059787273657195,1.5613256907004254,628631153.4074402,0.5331713506228736,0.5424234263181001,False,-0.017056924989446776,False,116.84,93.0,37.0,19.0,,,,,,,,,,,,,,True,True,True,True,True,True,True,True,True,9,True,True,True,True,False,True,False,False,OK
SMTC,2026-10-02,Semtech Corporation - Common Stock,Technology,Semiconductors,NASDAQ,194.8800048828125,4909500.0,2026-10-02,98.0,101.0,VALID,True,35,97.0,145.95860076904296,128.97640045166017,116.8936503982544,107.02505023956299,194.8800048828125,62.56999969482422,194.8800048828125,0.0,0.0,2.1145917505723264,605402963.9334106,0.2532092941812951,0.2532092941812951,True,0.0,False,127.32,97.0,52.0,69.0,,,,,,,,,,,,,,True,True,True,True,True,True,True,True,True,9,True,True,True,True,False,True,False,False,OK
SYNA,2026-10-02,Synaptics Incorporated - Common Stock,Technology,Semiconductors,NASDAQ,121.0999984741211,7666900.0,2026-10-02,90.0,541.0,VALID,True,35,97.0,101.22720001220704,104.11586685180664,98.80435020446777,96.02280023574829,147.57000732421875,58.52000045776367,147.57000732421875,-0.17937255225543025,-0.17937255225543025,1.0693779481687464,101486745.99704742,0.15734628679544183,0.1976013108544901,False,-0.20371840594059276,False,127.32,97.0,52.0,69.0,,,,,,,,,,,,,,True,True,True,False,True,True,True,True,True,8,False,True,True,False,False,False,False,False,OK
TWLO,2026-10-02,Twilio Inc. Class A Common Stock,Technology,Software - Infrastructure,NYSE,294.5799865722656,3673600.0,2026-10-02,97.0,134.0,VALID,True,35,97.0,237.18339996337892,192.81053319295248,176.10989997863769,162.67805000305177,301.2699890136719,102.94000244140625,301.2699890136719,-0.02220600353625879,-0.02220600353625879,1.861666792168005,725305317.272644,0.38275035206794217,0.39433761288056796,False,-0.02938411258308038,False,93.33,70.0,52.0,69.0,,,,,,,,,,,,,,True,True,True,True,True,True,True,True,True,9,True,True,True,True,False,True,False,False,OK
UMC,2026-10-02,United Microelectronics Corporation (NEW) Common Stock,Technology,Semiconductors,NYSE,26.270000457763672,10197500.0,2026-10-02,99.0,59.0,VALID,True,35,97.0,20.925600090026855,17.74930726369222,15.651520130634308,14.028233821392059,27.52573013305664,6.898630142211914,27.52573013305664,-0.045620213132327336,-0.045620213132327336,2.8080024463147546,261898057.2573948,0.034132841273544615,0.03763308449698865,False,-0.09300973518989974,False,127.32,97.0,52.0,69.0,,,,,,,,,,,,,,True,True,True,True,True,True,True,True,True,9,True,True,True,True,False,True,False,False,OK
VIAV,2026-10-02,Viavi Solutions Inc. - Common Stock,Technology,Communication Equipment,NASDAQ,47.099998474121094,10061900.0,2026-10-02,97.0,135.0,VALID,True,35,97.0,38.299200210571286,41.72046666463216,36.78565001487732,34.72260000705719,55.33000183105469,12.270000457763672,55.33000183105469,-0.14874395598364853,-0.14874395598364853,2.8386305392775455,233554724.79595184,0.061197439812995975,0.077166856293761,False,-0.20694657327975352,False,109.67,90.0,52.0,69.0,,,,,,,,,,,,,,True,True,True,False,True,True,True,True,True,8,False,True,True,False,False,False,False,False,OK
AMD,2026-10-02,"Advanced Micro Devices, Inc. - Common Stock",Technology,Semiconductors,NASDAQ,633.9099731445312,19825500.0,2026-10-02,98.0,65.0,VALID,True,35,96.0,513.5342016601562,426.74153401692706,374.7236004638672,339.8126502990723,633.9099731445312,164.6699981689453,633.9099731445312,0.0,0.0,2.8495778234852662,12885467729.176636,0.823644770385404,0.823644770385404,True,0.0,False,127.32,97.0,52.0,69.0,,,,,,,,,,,,,,True,True,True,True,True,True,True,True,True,9,True,True,True,True,False,True,False,False,OK
ASX,2026-10-02,"ASE Technology Holding Co., Ltd. American Depositary Shares (each representing Two Common Shares)",Technology,Semiconductors,NYSE,47.45000076293945,8074200.0,2026-10-02,98.0,72.0,VALID,True,35,96.0,38.98080020904541,34.22552220662435,30.490886869430543,27.783670115470887,47.45000076293945,10.969649314880371,47.45000076293945,0.0,0.0,3.3255713469867576,295277486.15737915,0.06165220084692979,0.06165220084692979,True,0.0,False,127.32,97.0,52.0,69.0,,,,,,,,,,,,,,True,True,True,True,True,True,True,True,True,9,True,True,True,True,False,True,False,False,OK
DDOG,2026-10-02,"Datadog, Inc. - Class A Common Stock",Technology,Software - Application,NASDAQ,277.2200012207031,2079100.0,2026-10-02,95.0,258.0,VALID,True,35,96.0,244.66210113525392,204.1173004659017,184.83340042114258,176.20522521972657,288.1499938964844,102.61499786376953,288.1499938964844,-0.03793160821550379,-0.03793160821550379,1.701554421788686,809868177.3062897,0.3601943713222005,0.3745031697581033,False,-0.03820741609515632,False,85.2,43.0,52.0,69.0,,,,,,,,,,,,,,True,True,True,True,True,True,True,True,True,9,True,True,True,True,False,True,False,False,OK
HPE,2026-10-02,Hewlett Packard Enterprise Company Common Stock,Technology,Communication Equipment,NYSE,69.33000183105469,29049700.0,2026-10-02,98.0,67.0,VALID,True,35,96.0,55.62351768493652,41.53748189290365,36.72098963737488,32.8886342048645,69.33000183105469,19.66539764404297,69.33000183105469,0.0,0.0,2.525481817656308,1419439446.538601,0.09008107753171307,0.09008107753171307,True,0.0,False,109.67,90.0,52.0,69.0,,,,,,,,,,,,,,True,True,True,True,True,True,True,True,True,9,True,True,True,True,False,True,False,False,OK
LITE,2026-10-02,Lumentum Holdings Inc. - Common Stock,Technology,Communication Equipment,NASDAQ,1085.4200439453125,4670500.0,2026-10-02,99.0,46.0,VALID,True,35,96.0,879.0255029296875,844.366767578125,745.4280258178711,682.026975326538,1085.4200439453125,149.61000061035156,1085.4200439453125,0.0,0.0,6.254996587909993,4637185342.575073,1.4102957529321285,1.4316580508261159,False,-0.014921368885300934,False,109.67,90.0,52.0,69.0,,,,,,,,,,,,,,True,True,True,True,True,True,True,True,True,9,True,True,True,True,False,True,False,False,OK
RVTY,2026-10-02,"Revvity, Inc. Common Stock",Healthcare,Diagnostics & Research,NYSE,151.52999877929688,1236600.0,2026-10-02,93.0,386.0,VALID,True,35,96.0,127.81639968872071,107.28717203776041,106.17369342803956,102.06429008483887,152.88999938964844,82.20845031738281,152.88999938964844,-0.008895288218855435,-0.008895288218855435,0.8432411533642079,321617705.9049225,0.19688425224163272,0.20047729359028021,False,-0.01792243542548344,False,116.84,93.0,37.0,19.0,,,,,,,,,,,,,,True,True,True,True,True,True,True,True,True,9,True,True,True,True,False,True,False,False,OK
TER,2026-10-02,"Teradyne, Inc. - Common Stock",Technology,Semiconductor Equipment & Materials,NASDAQ,449.0400085449219,3399000.0,2026-10-02,97.0,170.0,VALID,True,35,96.0,374.8449230957031,362.8276359049479,334.86774131774905,315.1238732147217,483.6542053222656,131.8246612548828,483.6542053222656,-0.0715680674259409,-0.0715680674259409,2.4063429730853136,960759412.0249939,0.5834416090619172,0.6492697979716624,False,-0.10138803485915149,False,139.11,98.0,52.0,69.0,,,,,,,,,,,,,,True,True,True,True,True,True,True,True,True,9,True,True,True,True,False,True,False,False,OK
ARW,2026-10-02,"Arrow Electronics, Inc. Common Stock",Technology,Electronics & Computer Distribution,NYSE,242.00999450683594,1130700.0,2026-10-02,95.0,278.0,VALID,True,35,95.0,215.46580078125,197.02973388671876,180.19135063171387,168.86935050964357,242.00999450683594,101.87000274658203,242.00999450683594,0.0,0.0,1.3756747617733418,129439317.29942322,0.314445701757572,0.31624970943317193,False,-0.005704377337874211,False,142.46,99.0,52.0,69.0,,,,,,,,,,,,,,True,True,True,True,True,True,True,True,True,9,True,True,True,True,False,True,False,False,OK
AVT,2026-10-02,"Avnet, Inc. - Common Stock",Technology,Electronics & Computer Distribution,NASDAQ,106.94000244140625,2155900.0,2026-10-02,96.0,230.0,VALID,True,35,95.0,93.47063781738281,82.71704483032227,75.98481220245361,70.95062103271485,106.94000244140625,43.46635055541992,106.94000244140625,0.0,0.0,1.4602940222703293,140420744.226799,0.1389480801492048,0.1389480801492048,True,0.0,False,142.46,99.0,52.0,69.0,,,,,,,,,,,,,,True,True,True,True,True,True,True,True,True,9,True,True,True,True,False,True,False,False,OK
BE,2026-10-02,Bloom Energy Corporation Class A Common Stock,Industrials,Electrical Equipment & Parts,NYSE,289.1499938964844,12862400.0,2026-10-02,98.0,104.0,VALID,True,35,95.0,236.1558004760742,232.47820073445638,207.42390071868897,190.52475074768066,345.8500061035156,76.97000122070312,345.8500061035156,-0.16394393872024537,-0.16394393872024537,2.756658299476677,4834505676.931763,0.37569511510984094,0.46576230926568707,False,-0.19337587512790488,False,81.52,30.0,45.0,49.0,,,,,,,,,,,,,,True,True,True,True,True,True,True,True,True,9,True,True,True,True,False,False,False,False,OK
ENTG,2026-10-02,"Entegris, Inc. - Common Stock",Technology,Semiconductor Equipment & Materials,NASDAQ,166.47000122070312,2245600.0,2026-10-02,92.0,417.0,VALID,True,35,95.0,141.52427474975585,138.97272491455078,132.00156269073486,125.69338268280029,183.84426879882812,68.6372299194336,183.84426879882812,-0.09450535331692511,-0.09450535331692511,1.425360134960366,293303429.3537903,0.2162959280342832,0.24758632259608762,False,-0.1263817574157825,False,139.11,98.0,52.0,69.0,,,,,,,,,,,,,,True,True,True,True,True,True,True,True,True,9,True,True,True,True,False,True,False,False,OK
KEYS,2026-10-02,Keysight Technologies Inc. Common Stock,Technology,Scientific & Technical Instruments,NYSE,384.6400146484375,1255000.0,2026-10-02,94.0,337.0,VALID,True,35,95.0,334.1060009765625,328.59113240559896,302.5307992553711,287.7548991394043,384.6400146484375,159.49000549316406,384.6400146484375,0.0,0.0,1.4116872619013336,362746646.8841553,0.4997661339426804,0.5027835644552024,False,-0.006001450178252488,False,91.45,67.0,52.0,69.0,,,,,,,,,,,,,,True,True,True,True,True,True,True,True,True,9,True,True,True,True,False,True,False,False,OK
MRVL,2026-10-02,"Marvell Technology, Inc. - Common Stock",Technology,Semiconductors,NASDAQ,272.2900085449219,15858100.0,2026-10-02,98.0,90.0,VALID,True,35,95.0,226.72679901123047,195.19074793497722,166.8667227935791,151.0096168899536,316.3519592285156,73.67493438720703,316.3519592285156,-0.13928142184118975,-0.13928142184118975,2.6958296713760292,4334792136.428375,0.35378878873560227,0.41996927961449537,False,-0.1575841236283818,False,127.32,97.0,52.0,69.0,,,,,,,,,,,,,,True,True,True,True,True,True,True,True,True,9,True,True,True,True,False,False,False,False,OK
MTSI,2026-10-02,"MACOM Technology Solutions Holdings, Inc. - Common Stock",Technology,Semiconductors,NASDAQ,321.6000061035156,1351200.0,2026-10-02,94.0,343.0,VALID,True,35,95.0,275.4725988769531,294.0153993733724,273.2726491546631,263.0340994262695,409.67999267578125,122.18000030517578,409.67999267578125,-0.21499704195213576,-0.21499704195213576,1.6321820698988168,372712883.54751587,0.4178576996810889,0.5485755883018545,False,-0.23828601091311763,False,127.32,97.0,52.0,69.0,,,,,,,,,,,,,,True,True,True,False,True,True,True,True,True,8,False,True,True,False,False,False,False,False,OK
NTAP,2026-10-02,"NetApp, Inc. - Common Stock",Technology,Software - Infrastructure,NASDAQ,226.27000427246094,5062600.0,2026-10-02,96.0,192.0,VALID,True,35,95.0,192.3292007446289,150.17225229899088,138.29036911010743,129.60923824310302,226.27000427246094,93.3469009399414,226.27000427246094,0.0,0.0,1.4239691087124693,501820152.2039032,0.29399459483121915,0.29399459483121915,True,0.0,False,93.33,70.0,52.0,69.0,,,,,,,,,,,,,,True,True,True,True,True,True,True,True,True,9,True,True,True,True,False,True,False,False,OK
ONTO,2026-10-02,Onto Innovation Inc. Common Stock,Technology,Semiconductor Equipment & Materials,NYSE,327.7699890136719,1007500.0,2026-10-02,95.0,295.0,VALID,True,35,95.0,282.6496005249023,272.8297334798177,253.6081502532959,240.33524997711183,378.45001220703125,121.33999633789062,378.45001220703125,-0.133914708835139,-0.133914708835139,1.7012526694079,231933593.83666992,0.42587441242045265,0.5080409934703415,False,-0.16173218717769788,False,139.11,98.0,52.0,69.0,,,,,,,,,,,,,,True,True,True,True,True,True,True,True,True,9,True,True,True,True,False,False,False,False,OK
RBRK,2026-10-02,"Rubrik, Inc. Class A Common Stock",Technology,Software - Infrastructure,NYSE,118.58000183105469,3121600.0,2026-10-02,94.0,309.0,VALID,True,35,95.0,96.18160003662109,74.40693323771158,71.85745002746582,68.80014999389648,118.58000183105469,43.810001373291016,118.58000183105469,0.0,0.0,1.7066879277330398,324040834.7644043,0.1540720331247598,0.1540720331247598,True,0.0,False,93.33,70.0,52.0,69.0,,,,,,,,,,,,,,True,True,True,True,True,True,True,True,True,9,True,True,True,True,False,True,False,False,OK
S,2026-10-02,"SentinelOne, Inc. Class A Common Stock",Technology,Software - Infrastructure,NYSE,25.059999465942383,11317600.0,2026-10-02,93.0,360.0,VALID,True,35,95.0,21.510199851989746,17.530999908447267,16.68499993801117,16.0041499376297,25.059999465942383,11.9399995803833,25.059999465942383,0.0,0.0,1.0988274997190492,197724963.09838295,0.03256067640582525,0.03256067640582525,True,0.0,False,93.33,70.0,52.0,69.0,,,,,,,,,,,,,,True,True,True,True,True,True,True,True,True,9,True,True,True,True,False,True,False,False,OK
SITM,2026-10-02,SiTime Corporation - Common Stock,Technology,Semiconductors,NASDAQ,709.4400024414062,418600.0,2026-10-02,96.0,235.0,VALID,True,35,95.0,610.3497009277344,579.9797013346354,528.8652258300781,498.28542526245116,901.47998046875,252.75999450683594,901.47998046875,-0.21302744618631142,-0.21302744618631142,1.8067732942691581,297716874.37927246,0.9217815978103349,1.2255468322607406,False,-0.24786097638558324,False,127.32,97.0,52.0,69.0,,,,,,,,,,,,,,True,True,True,True,True,True,True,True,True,9,True,True,True,True,False,False,False,False,OK
TEM,2026-10-02,"Tempus AI, Inc. - Class A Common Stock",Healthcare,Health Information Services,NASDAQ,76.62999725341797,5685600.0,2026-10-02,84.0,901.0,VALID,True,35,95.0,62.56940017700195,54.72083325703939,56.44754985809326,56.419649848937986,103.25,41.54999923706055,85.08000183105469,-0.25782084984583076,-0.09931834033591214,0.844283962948134,519244708.8605118,0.09956602540789365,0.15504736527778135,False,-0.3578347801685495,False,90.47,63.0,37.0,19.0,,,,,,,,,,,,,,True,True,True,True,False,True,True,False,True,7,False,True,True,False,False,True,False,False,OK
XP,2026-10-02,XP Inc. - Class A Common Stock,Financial Services,Capital Markets,NASDAQ,21.5,11895600.0,2026-10-02,86.0,791.0,VALID,True,35,95.0,18.304199981689454,17.939135913848876,18.07193877696991,17.8419650888443,22.656522750854492,14.9399995803833,22.656522750854492,-0.05104590689278976,-0.05104590689278976,0.4390897325211569,166797126.57158852,0.02793513797462954,0.03311936879365044,False,-0.15653169151022006,False,86.27,47.0,57.0,79.0,,,,,,,,,,,,,,True,True,True,True,False,True,True,True,True,8,False,True,True,False,False,True,False,False,OK
ADI,2026-10-02,"Analog Devices, Inc. - Common Stock",Technology,Semiconductors,NASDAQ,417.1499938964844,2629800.0,2026-10-02,89.0,633.0,VALID,True,35,94.0,374.8640026855469,375.07566324869794,357.8011682128906,345.61091972351073,444.1268615722656,222.418212890625,444.1268615722656,-0.06074135570246686,-0.06074135570246686,0.8755208419088389,1223242746.0656738,0.5420066342146121,0.5981134856215862,False,-0.09380636410273424,False,127.32,97.0,52.0,69.0,,,,,,,,,,,,,,True,True,True,False,True,True,True,True,True,8,False,True,True,False,False,True,False,False,OK
DINO,2026-10-02,HF Sinclair Corporation Common Stock,Energy,Oil & Gas Refining & Marketing,NYSE,113.36000061035156,2401200.0,2026-10-02,97.0,146.0,VALID,True,35,94.0,99.24021835327149,77.46680615743001,70.48684257507324,64.62893583297729,116.62000274658203,44.82985305786133,116.62000274658203,-0.027954056417873074,-0.027954056417873074,1.5286721431818933,307214098.01677704,0.1472896399001981,0.15330395244862816,False,-0.039231294773338754,False,143.69,99.0,73.0,89.0,,,,,,,,,,,,,,True,True,True,True,True,True,True,True,True,9,True,True,True,True,False,True,False,False,OK
DT,2026-10-02,"Dynatrace, Inc. Common Stock",Technology,Software - Application,NYSE,59.31999969482422,3855100.0,2026-10-02,89.0,620.0,VALID,True,35,94.0,51.487999801635745,43.54419985453288,42.56194990158081,41.48484994888306,59.31999969482422,32.36000061035156,59.31999969482422,0.0,0.0,0.8331272736703375,379997813.68888855,0.07707499423859984,0.07756645908849351,False,-0.00633604854042602,False,85.2,43.0,52.0,69.0,,,,,,,,,,,,,,True,True,True,True,True,True,True,True,True,9,True,True,True,False,False,True,False,False,OK
INTC,2026-10-02,Intel Corporation - Common Stock,Technology,Semiconductors,NASDAQ,119.33000183105469,95139500.0,2026-10-02,98.0,100.0,VALID,True,35,94.0,100.87479995727539,93.4993999226888,81.17889999389648,73.84949993133544,140.94000244140625,33.619998931884766,140.94000244140625,-0.15332765883366295,-0.15332765883366295,2.549375539030243,12551256986.399765,0.15504651468201433,0.18980638960975765,False,-0.18313332337867916,False,127.32,97.0,52.0,69.0,,,,,,,,,,,,,,True,True,True,True,True,True,True,True,True,9,True,True,True,True,False,False,False,False,OK
LRCX,2026-10-02,Lam Research Corporation - Common Stock,Technology,Semiconductor Equipment & Materials,NASDAQ,347.489990234375,7457400.0,2026-10-02,94.0,323.0,VALID,True,35,94.0,305.7798626708984,295.0721823120117,274.61337890625,259.6004030609131,432.8701477050781,130.7659912109375,432.8701477050781,-0.19724196256858562,-0.19724196256858562,1.657342226495587,2891489039.9531555,0.4514967824186017,0.5810959777785297,False,-0.22302545589004497,False,139.11,98.0,52.0,69.0,,,,,,,,,,,,,,True,True,True,True,True,True,True,True,True,9,True,True,True,True,False,False,False,False,OK
LSCC,2026-10-02,Lattice Semiconductor Corporation - Common Stock,Technology,Semiconductors,NASDAQ,134.0,2877100.0,2026-10-02,90.0,557.0,VALID,True,35,94.0,120.95939971923828,121.43560028076172,112.42330032348633,107.73730039596558,155.27000427246094,61.72999954223633,155.27000427246094,-0.13698720736258418,-0.13698720736258418,1.1707435767647425,212075441.88404083,0.17410737156280734,0.20910485607448243,False,-0.1673681098023333,False,127.32,97.0,52.0,69.0,,,,,,,,,,,,,,True,True,True,False,True,True,True,True,True,8,False,True,True,False,False,False,False,False,OK
MPWR,2026-10-02,"Monolithic Power Systems, Inc. - Common Stock",Technology,Semiconductors,NASDAQ,1439.72998046875,705300.0,2026-10-02,87.0,719.0,VALID,True,35,94.0,1302.7314819335938,1352.0256013997396,1279.3323779296875,1244.476145629883,1684.8267822265625,851.2478637695312,1684.8267822265625,-0.14547299719079,-0.14547299719079,0.6913169967831434,935877384.4976807,1.8706537511909405,2.2906872047178974,False,-0.18336569596314,False,127.32,97.0,52.0,69.0,,,,,,,,,,,,,,True,True,True,False,True,True,True,True,True,8,False,True,True,False,False,False,False,False,OK
NTSK,2026-10-02,"Netskope, Inc. - Class A Common Stock",Technology,Software - Infrastructure,NASDAQ,17.75,4826300.0,2026-10-02,88.0,694.0,VALID,True,35,94.0,15.24,12.07963334083557,12.788050000667573,13.047599985599518,24.260000228881836,7.730000019073486,20.040000915527344,-0.2683429582631083,-0.1142714975503325,1.296248377257767,122851507.46866226,0.023062730188356945,0.03588511188800204,False,-0.35731759008203556,False,93.33,70.0,52.0,69.0,,,,,,,,,,,,,,True,True,True,True,False,False,True,False,True,6,False,True,True,False,False,False,False,False,OK
PANW,2026-10-02,"Palo Alto Networks, Inc. - Common Stock",Technology,Software - Infrastructure,NASDAQ,403.239990234375,4904700.0,2026-10-02,96.0,190.0,VALID,True,35,94.0,361.86079956054687,275.46846638997397,250.34009986877442,232.41520004272462,403.239990234375,141.6699981689453,403.239990234375,0.0,0.0,1.846332995314226,2327199734.7947693,0.5239332448411875,0.5239332448411875,True,0.0,False,93.33,70.0,52.0,69.0,,,,,,,,,,,,,,True,True,True,True,True,True,True,True,True,9,True,True,True,True,False,True,False,False,OK
PBF,2026-10-02,PBF Energy Inc. Class A Common Stock,Energy,Oil & Gas Refining & Marketing,NYSE,80.77999877929688,3959500.0,2026-10-02,98.0,99.0,VALID,True,35,94.0,71.60639930725098,53.5634854888916,47.93485535621643,43.72200162887573,82.33999633789062,25.54779624938965,82.33999633789062,-0.018945805537713856,-0.018945805537713856,2.1619165109486405,304382237.82058716,0.10495815867395646,0.10777627637847789,False,-0.026147848109216998,False,143.69,99.0,73.0,89.0,,,,,,,,,,,,,,True,True,True,True,True,True,True,True,True,9,True,True,True,True,False,True,False,False,OK
PBR,2026-10-02,Petroleo Brasileiro S.A. Petrobras ADS,Energy,Oil & Gas Integrated,NYSE,21.649999618530273,21067200.0,2026-10-02,92.0,426.0,VALID,True,35,94.0,19.330572624206543,18.71056631088257,17.332004947662355,16.445141978263855,21.770000457763672,11.06067180633545,21.770000457763672,-0.005512211148833601,-0.005512211148833601,0.9573855908218303,441551618.6299896,0.02813003379043349,0.03172092457606323,False,-0.11320258894154178,False,103.66,88.0,73.0,89.0,,,,,,,,,,,,,,True,True,True,True,True,True,True,True,True,9,True,True,True,True,False,True,False,False,OK
PURR,2026-10-02,Hyperliquid Strategies Inc - Common Stock,Financial Services,Capital Markets,NASDAQ,11.890000343322754,16960700.0,2026-10-02,,,MISSING_HISTORY,True,35,94.0,10.072500019073486,7.985300003687541,6.971675000190735,,,,14.09000015258789,,-0.1561390905209512,,292803009.90832806,0.015448781400423894,,False,,False,86.27,47.0,57.0,79.0,,,,,,,,,,,,,,True,True,True,True,True,False,False,False,False,5,False,True,True,False,False,False,False,False,MISSING_HISTORY
SANM,2026-10-02,Sanmina Corporation - Common Stock,Technology,Electronic Components,NASDAQ,229.0399932861328,654800.0,2026-10-02,92.0,443.0,VALID,True,35,94.0,201.9857992553711,199.4879999287923,188.47434963226317,183.19174983978272,282.7200012207031,114.08000183105469,282.7200012207031,-0.18986986312533805,-0.18986986312533805,1.007713793915665,124265029.52758789,0.29759366577471363,0.3767397768703402,False,-0.21008164243529215,False,110.38,90.0,52.0,69.0,,,,,,,,,,,,,,True,True,True,True,True,True,True,True,True,9,True,True,True,True,False,False,False,False,OK
SIG,2026-10-02,Signet Jewelers Limited Common Shares,Consumer Cyclical,Luxury Goods,NYSE,100.58000183105469,896500.0,2026-10-02,77.0,1340.0,VALID,True,35,94.0,93.39720001220704,88.69129053751628,89.03594879150391,88.22560104370118,105.17573547363281,73.65139770507812,104.31999969482422,-0.04369575950082383,-0.035851206621074105,0.36562244526311116,119219872.15335846,0.13068447575065137,0.15685217534779816,False,-0.1668303263191825,False,85.71,44.0,35.0,9.0,,,,,,,,,,,,,,True,True,True,True,False,True,True,True,True,8,False,True,True,False,False,True,False,False,OK
SWKS,2026-10-02,"Skyworks Solutions, Inc. - Common Stock",Technology,Semiconductors,NASDAQ,85.02999877929688,8733500.0,2026-10-02,90.0,593.0,VALID,True,35,94.0,74.22959999084473,67.18484364827474,65.33657402038574,63.24413625717163,91.44999694824219,52.04774475097656,91.44999694824219,-0.07020227865703299,-0.07020227865703299,0.6336922797735913,641795436.7551422,0.11048022083173206,0.12004558875929525,False,-0.07968112803164151,False,127.32,97.0,52.0,69.0,,,,,,,,,,,,,,True,True,True,True,True,True,True,True,True,9,True,True,True,True,False,True,False,False,OK
CNH,2026-10-02,CNH Industrial N.V. Common Shares,Industrials,Farm & Heavy Construction Machinery,NYSE,13.470000267028809,17281300.0,2026-10-02,87.0,733.0,VALID,True,35,93.0,12.111000003814697,11.12007802327474,11.063421249389648,10.658597435951233,14.399999618530273,9.131855010986328,14.399999618530273,-0.06458329000958574,-0.06458329000958574,0.475056300261377,231793911.48012638,0.017501689115244023,0.019134687986522424,False,-0.0853423307674841,False,94.26,72.0,45.0,49.0,,,,,,,,,,,,,,True,True,True,True,True,True,True,True,True,9,True,True,True,False,False,True,False,False,OK
FTNT,2026-10-02,"Fortinet, Inc. - Common Stock",Technology,Software - Infrastructure,NASDAQ,180.9499969482422,3412200.0,2026-10-02,96.0,205.0,VALID,True,35,93.0,163.64599975585938,131.3848663330078,118.57469982147217,109.68359985351563,180.9499969482422,75.2300033569336,180.9499969482422,0.0,0.0,1.4052902947473402,679141817.1440125,0.23510991308176463,0.23510991308176463,True,0.0,False,93.33,70.0,52.0,69.0,,,,,,,,,,,,,,True,True,True,True,True,True,True,True,True,9,True,True,True,True,False,True,False,False,OK
MPC,2026-10-02,Marathon Petroleum Corporation Common Stock,Energy,Oil & Gas Refining & Marketing,NYSE,422.3299865722656,2167300.0,2026-10-02,97.0,141.0,VALID,True,35,93.0,365.1317919921875,287.4935531616211,260.56857498168944,239.32668762207032,424.8900146484375,160.76361083984375,424.8900146484375,-0.006025154717486325,-0.006025154717486325,1.62702476241965,1218363574.77417,0.5487370439869619,0.5578253794674463,False,-0.016292438126714437,False,143.69,99.0,73.0,89.0,,,,,,,,,,,,,,True,True,True,True,True,True,True,True,True,9,True,True,True,True,False,True,False,False,OK
NET,2026-10-02,"Cloudflare, Inc. Class A Common Stock",Technology,Software - Infrastructure,NYSE,349.07000732421875,2834400.0,2026-10-02,93.0,394.0,VALID,True,35,93.0,307.7267999267578,251.66926666259766,235.20590011596678,221.96270011901856,358.82000732421875,160.19000244140625,358.82000732421875,-0.027172397862391784,-0.027172397862391784,1.1790998314760648,1037394774.8970032,0.4535497124375346,0.46771293666395186,False,-0.030281874021785726,False,93.33,70.0,52.0,69.0,,,,,,,,,,,,,,True,True,True,True,True,True,True,True,True,9,True,True,True,True,False,True,False,False,OK
RNG,2026-10-02,"RingCentral, Inc. Class A Common Stock",Technology,Software - Application,NYSE,78.27999877929688,1266700.0,2026-10-02,98.0,75.0,VALID,True,35,93.0,67.91106224060059,49.13520655314127,44.07878221511841,39.478091192245486,79.81999969482422,24.687557220458984,79.81999969482422,-0.019293421716552572,-0.019293421716552572,2.1708280442758814,116174233.87737274,0.1017098868164414,0.10404338024565382,False,-0.02242808166846255,False,85.2,43.0,52.0,69.0,,,,,,,,,,,,,,True,True,True,True,True,True,True,True,True,9,True,True,True,True,False,True,False,False,OK
SMCI,2026-10-02,"Super Micro Computer, Inc. - Common Stock",Technology,Computer Hardware,NASDAQ,43.689998626708984,44415100.0,2026-10-02,93.0,400.0,VALID,True,35,93.0,36.51619968414307,32.352933184305826,32.00309988021851,31.340799922943116,58.68000030517578,20.530000686645508,50.16999816894531,-0.25545333334200115,-0.12916084868919486,1.1281050738166192,1551909355.3090668,0.05676679719760421,0.0881179606955633,False,-0.35578630338794937,False,111.95,92.0,52.0,69.0,,,,,,,,,,,,,,True,True,True,True,True,True,True,False,True,8,False,True,True,False,False,False,False,False,OK
TXN,2026-10-02,Texas Instruments Incorporated - Common Stock,Technology,Semiconductors,NASDAQ,293.79998779296875,5050700.0,2026-10-02,89.0,603.0,VALID,True,35,93.0,270.39838256835935,263.7398114013672,247.1726515197754,236.94600662231446,330.5873718261719,150.79347229003906,330.5873718261719,-0.11127885445227026,-0.11127885445227026,0.9483601201772727,1577921585.0704956,0.3817368928344677,0.4452078502197458,False,-0.14256477587704275,False,127.32,97.0,52.0,69.0,,,,,,,,,,,,,,True,True,True,True,True,True,True,True,True,9,True,True,True,False,False,False,False,False,OK
VLO,2026-10-02,Valero Energy Corporation Common Stock,Energy,Oil & Gas Refining & Marketing,NYSE,406.29998779296875,2586500.0,2026-10-02,97.0,142.0,VALID,True,35,93.0,354.96741943359376,284.395939839681,258.88119277954104,237.02330947875976,413.2799987792969,153.14306640625,413.2799987792969,-0.016889302668759543,-0.016889302668759543,1.653074653181863,1555047466.9126892,0.5279091264226455,0.542582937224634,False,-0.02704436464044835,False,143.69,99.0,73.0,89.0,,,,,,,,,,,,,,True,True,True,True,True,True,True,True,True,9,True,True,True,True,False,True,False,False,OK
A,2026-10-02,"Agilent Technologies, Inc. Common Stock",Healthcare,Diagnostics & Research,NYSE,167.77999877929688,2290100.0,2026-10-02,86.0,783.0,VALID,True,35,92.0,152.5315997314453,131.9799377441406,132.54704769134523,131.1902272415161,175.2100067138672,109.77787780761719,175.2100067138672,-0.042406299011814697,-0.042406299011814697,0.5283589201216556,398430094.9429321,0.21799801931548063,0.23398951184318326,False,-0.06834277486086604,False,116.84,93.0,37.0,19.0,,,,,,,,,,,,,,True,True,True,True,False,True,True,True,True,8,False,True,True,False,False,True,False,False,OK
BMNR,2026-10-02,"BitMine Immersion Technologies, Inc. Common Stock",Financial Services,Capital Markets,NYSE,26.270000457763672,36773100.0,2026-10-02,83.0,993.0,VALID,True,35,92.0,22.523799953460692,20.183266620635987,21.66959993839264,22.34666253566742,63.201438903808594,13.3100004196167,33.349998474121094,-0.5843448992079734,-0.21229380330710823,0.97370395413708,1020662079.1735268,0.034132841273544615,0.095119639893039,False,-0.6411588467752125,False,86.27,47.0,57.0,79.0,,,,,,,,,,,,,,True,True,True,True,False,False,True,False,True,6,False,True,True,False,False,False,False,False,OK
ESTC,2026-10-02,Elastic N.V. Ordinary Shares,Technology,Software - Application,NYSE,93.94000244140625,1769400.0,2026-10-02,92.0,448.0,VALID,True,35,92.0,82.65300025939942,63.829000091552736,65.06460004806519,63.821900043487545,99.91000366210938,43.29999923706055,99.91000366210938,-0.05975378842836765,-0.05975378842836765,1.1695151061573883,170785658.08132172,0.12205706649012647,0.139808507617133,False,-0.12696967752219368,False,85.2,43.0,52.0,69.0,,,,,,,,,,,,,,True,True,True,True,False,True,True,True,True,8,False,True,True,False,False,True,False,False,OK
FFIV,2026-10-02,"F5, Inc. - Common Stock",Technology,Software - Infrastructure,NASDAQ,454.0400085449219,633200.0,2026-10-02,89.0,617.0,VALID,True,35,92.0,411.4094000244141,370.2866003417969,345.07374992370603,326.3928504180908,455.989990234375,223.99000549316406,455.989990234375,-0.004276369506380773,-0.004276369506380773,1.027054767668099,242728488.60610962,0.5899381527769473,0.5938838927394627,False,-0.006643958542661532,False,93.33,70.0,52.0,69.0,,,,,,,,,,,,,,True,True,True,True,True,True,True,True,True,9,True,True,True,False,False,True,False,False,OK
GTLB,2026-10-02,GitLab Inc. - Class A Common Stock,Technology,Software - Infrastructure,NASDAQ,49.779998779296875,2984500.0,2026-10-02,93.0,372.0,VALID,True,35,92.0,43.45330005645752,31.80080000559489,32.31737495422363,31.54754997253418,51.040000915527344,19.420000076293945,50.27000045776367,-0.024686561787406913,-0.009747397533415358,1.5633366932919572,197778537.6420021,0.06467958764076968,0.07549777932140786,False,-0.14329152165632786,False,93.33,70.0,52.0,69.0,,,,,,,,,,,,,,True,True,True,True,False,True,True,True,True,8,False,True,True,False,False,True,False,False,OK
MU,2026-10-02,"Micron Technology, Inc. - Common Stock",Technology,Semiconductors,NASDAQ,1074.8900146484375,27224500.0,2026-10-02,99.0,35.0,VALID,True,35,92.0,956.04580078125,788.2419120279948,681.4971128845215,602.4662055969238,1213.3734130859375,181.4225311279297,1213.3734130859375,-0.11413089898294304,-0.11413089898294304,4.924787885857911,27127676201.046143,1.3966139938025892,1.6565252642078099,False,-0.1569014828937828,False,127.32,97.0,52.0,69.0,,,,,,,,,,,,,,True,True,True,True,True,True,True,True,True,9,True,True,True,True,False,False,False,False,OK
QRVO,2026-10-02,"Qorvo, Inc. - Common Stock",Technology,Semiconductors,NASDAQ,114.16999816894531,8341400.0,2026-10-02,88.0,678.0,VALID,True,35,92.0,102.64960006713868,93.05450002034505,90.53567489624024,87.72877490997314,119.58999633789062,76.0199966430664,119.58999633789062,-0.04532150125359646,-0.04532150125359646,0.5018416628588271,251176831.48490906,0.1483420768098925,0.15710302909562482,False,-0.05576564841661791,False,127.32,97.0,52.0,69.0,,,,,,,,,,,,,,True,True,True,True,True,True,True,True,True,9,True,True,True,False,False,True,False,False,OK
RAL,2026-10-02,Ralliant Corporation Common Stock,Technology,Electronic Components,NYSE,73.19999694824219,1802400.0,2026-10-02,90.0,547.0,VALID,True,35,92.0,67.03281478881836,59.0554308573405,56.650010948181155,54.7267173576355,73.57198333740234,38.28494644165039,73.57198333740234,-0.005056087552434474,-0.005056087552434474,0.9119785647292309,100538097.26587296,0.09510939602286542,0.10031939084923969,False,-0.051934075578707106,False,110.38,90.0,52.0,69.0,,,,,,,,,,,,,,True,True,True,True,True,True,True,True,True,9,True,True,True,True,False,True,False,False,OK
TSM,2026-10-02,Taiwan Semiconductor Manufacturing Company Ltd.,Technology,Semiconductors,NYSE,472.7799987792969,9916700.0,2026-10-02,89.0,652.0,VALID,True,35,92.0,424.0705377197266,403.4385441080729,385.41279891967775,370.09128814697266,476.2922668457031,272.1793518066406,476.2922668457031,-0.007374186630546453,-0.007374186630546453,0.7370164034895832,4465359388.865967,0.6142871859323182,0.6393869431246284,False,-0.039255973964137936,False,127.32,97.0,52.0,69.0,,,,,,,,,,,,,,True,True,True,True,True,True,True,True,True,9,True,True,True,False,False,True,False,False,OK
VSXY,2026-10-02,Victorias Secret & Co. Common Stock,Consumer Cyclical,Apparel Retail,NYSE,91.7300033569336,1677900.0,2026-10-02,96.0,189.0,VALID,True,35,92.0,85.36800003051758,68.90513323465983,66.43244995117188,62.684799900054934,99.97000122070312,28.25,99.97000122070312,-0.08242470504304733,-0.08242470504304733,2.2470797648472067,145402252.8175354,0.11918559535763584,0.12964341083798725,False,-0.08066600078441566,False,87.08,53.0,35.0,9.0,,,,,,,,,,,,,,True,True,True,True,True,True,True,True,True,9,True,True,True,True,False,True,False,False,OK
ZETA,2026-10-02,Zeta Global Holdings Corp. Class A Common Stock,Technology,Software - Infrastructure,NYSE,32.630001068115234,5946900.0,2026-10-02,95.0,263.0,VALID,True,35,92.0,28.440200004577637,21.977800000508626,21.265699996948243,20.019399967193603,32.68000030517578,14.550000190734863,32.68000030517578,-0.0015299644000501544,-0.0015299644000501544,1.2426117278605493,166627442.19276428,0.042396445672098056,0.042408934593422244,False,-0.0002944879762700747,False,93.33,70.0,52.0,69.0,,,,,,,,,,,,,,True,True,True,True,True,True,True,True,True,9,True,True,True,True,False,True,False,False,OK
APH,2026-10-02,Amphenol Corporation Common Stock,Technology,Electronic Components,NYSE,86.95999908447266,9064600.0,2026-10-02,84.0,907.0,VALID,True,35,91.0,81.0468132019043,74.7206495666504,73.91954597473145,72.51886871337891,88.02348327636719,59.39313888549805,88.02348327636719,-0.012081823535152636,-0.012081823535152636,0.4641421671974568,996946861.5559006,0.11298788710225126,0.11984901335468252,False,-0.0572480829034977,False,110.38,90.0,52.0,69.0,,,,,,,,,,,,,,True,True,True,True,True,True,True,True,True,9,True,True,True,False,False,True,False,False,OK
BRKR,2026-10-02,Bruker Corporation - Common Stock,Healthcare,Medical Devices,NASDAQ,63.2400016784668,2227600.0,2026-10-02,90.0,538.0,VALID,True,35,91.0,58.85926727294922,50.453601379394534,49.21636220932007,47.84231964111328,64.75,32.65568542480469,64.75,-0.023320437398196225,-0.023320437398196225,0.9365694168045482,141088182.3646927,0.0821682870885476,0.08689241848617872,False,-0.05436759017569004,False,81.48,30.0,37.0,19.0,,,,,,,,,,,,,,True,True,True,True,True,True,True,True,True,9,True,True,True,True,False,True,False,False,OK
COHR,2026-10-02,Coherent Corp. Common Stock,Technology,Scientific & Technical Instruments,NYSE,337.0400085449219,8653300.0,2026-10-02,95.0,288.0,VALID,True,35,91.0,297.02820190429685,316.1267344156901,289.02310066223146,275.7214505767822,426.8900146484375,109.37000274658203,426.8900146484375,-0.21047577366622405,-0.21047577366622405,2.081649447571719,2082408025.7192993,0.4379190298452424,0.5730014427238943,False,-0.23574532768452827,False,91.45,67.0,52.0,69.0,,,,,,,,,,,,,,True,True,True,False,True,True,True,True,True,8,False,True,True,False,False,False,False,False,OK
DELL,2026-10-02,Dell Technologies Inc. Class C Common Stock,Technology,Computer Hardware,NYSE,562.52001953125,5495400.0,2026-10-02,99.0,39.0,VALID,True,35,91.0,488.9562023925781,349.9267943318685,292.6326710128784,250.80987983703614,588.4000244140625,110.54472351074219,588.4000244140625,-0.04398369104179456,-0.04398369104179456,4.088619353926803,4700150510.371094,0.7308871794928731,0.7734869425407284,False,-0.05507496081048868,False,111.95,92.0,52.0,69.0,,,,,,,,,,,,,,True,True,True,True,True,True,True,True,True,9,True,True,True,True,False,True,False,False,OK
ESI,2026-10-02,Element Solutions Inc. Common Stock,Basic Materials,Specialty Chemicals,NYSE,37.93000030517578,3681800.0,2026-10-02,81.0,1098.0,VALID,True,35,91.0,35.88485336303711,38.055539512634276,35.85795893669128,34.93602415084839,48.97949981689453,22.77229881286621,48.97949981689453,-0.22559437219706846,-0.22559437219706846,0.6656201737413334,153517288.53853226,0.04928278101873609,0.0659615571455767,False,-0.252856009600117,False,95.0,75.0,48.0,59.0,,,,,,,,,,,,,,True,False,True,False,True,True,True,True,True,7,False,True,True,False,False,False,False,False,OK
JCI,2026-10-02,Johnson Controls International plc Ordinary Share,Industrials,Building Products & Equipment,NYSE,156.24000549316406,3240600.0,2026-10-02,83.0,982.0,VALID,True,35,91.0,145.66312133789063,141.2449200439453,136.9273954772949,133.79025367736816,156.24000549316406,104.64232635498047,156.24000549316406,0.0,0.0,0.4930861242815612,486969375.6072998,0.20300400514457745,0.21174199567235547,False,-0.041267158647635416,False,82.61,34.0,45.0,49.0,,,,,,,,,,,,,,True,True,True,True,True,True,True,True,True,9,True,True,True,False,False,True,False,False,OK
QLYS,2026-10-02,"Qualys, Inc. - Common Stock",Technology,Software - Infrastructure,NASDAQ,193.0,477400.0,2026-10-02,93.0,404.0,VALID,True,35,91.0,174.34299987792969,128.9383996073405,127.74939952850342,124.52129962921143,195.8800048828125,76.19999694824219,195.8800048828125,-0.014702903874928452,-0.014702903874928452,1.532808500387377,128027363.50105286,0.25076658740016283,0.2524379155960289,False,-0.006620749469903986,False,93.33,70.0,52.0,69.0,,,,,,,,,,,,,,True,True,True,True,True,True,True,True,True,9,True,True,True,True,False,True,False,False,OK
WCC,2026-10-02,"WESCO International, Inc. Common Stock",Industrials,Industrial Distribution,NYSE,381.7300109863281,466900.0,2026-10-02,91.0,487.0,VALID,True,35,91.0,351.2217242431641,330.7112919108073,317.7545220184326,308.2960528564453,381.7300109863281,206.9429473876953,381.7300109863281,0.0,0.0,0.8446147394971601,175192569.3737793,0.49598514074232214,0.49834772753193546,False,-0.004740839897703575,False,98.0,79.0,45.0,49.0,,,,,,,,,,,,,,True,True,True,True,True,True,True,True,True,9,True,True,True,True,False,True,False,False,OK
ASML,2026-10-02,ASML Holding N.V. - New York Registry Shares,Technology,Semiconductor Equipment & Materials,NASDAQ,1867.31005859375,1344400.0,2026-10-02,90.0,545.0,VALID,True,35,90.0,1721.4904516601562,1618.8899283854166,1539.7167098999023,1473.4839721679687,1986.870361328125,930.0640258789062,1986.870361328125,-0.060175190622127395,-0.060175190622127395,1.007722056370421,2339889962.235718,2.426212285033952,2.667225682935684,False,-0.0903610817201117,False,139.11,98.0,52.0,69.0,,,,,,,,,,,,,,True,True,True,True,True,True,True,True,True,9,True,True,True,True,False,True,False,False,OK
CAI,2026-10-02,"Caris Life Sciences, Inc. - Common Stock",Healthcare,Biotechnology,NASDAQ,28.299999237060547,3204200.0,2026-10-02,89.0,653.0,VALID,True,35,90.0,24.452199840545653,20.09133325576782,21.213424954414368,20.940774989128112,32.95000076293945,14.550000190734863,32.27000045776367,-0.141122956546605,-0.12302451702469697,0.945017104197799,145457675.36930084,0.036770436435776606,0.04948000778881014,False,-0.25686275974895445,False,87.47,55.0,37.0,19.0,,,,,,,,,,,,,,True,True,True,True,False,True,True,True,True,8,False,True,True,False,False,False,False,False,OK
DOCU,2026-10-02,"DocuSign, Inc. - Common Stock",Technology,Software - Application,NASDAQ,69.01000213623047,1881800.0,2026-10-02,86.0,793.0,VALID,True,35,90.0,63.1628002166748,52.61230003356933,53.65755002975464,53.62184999465942,73.13999938964844,41.75,71.8499984741211,-0.05646701241294361,-0.03952674179824145,0.6529341829037238,232863148.94813538,0.08966529913046871,0.10908338995331597,False,-0.17801143539046183,False,85.2,43.0,52.0,69.0,,,,,,,,,,,,,,True,True,True,True,False,True,True,True,True,8,False,True,True,False,False,True,False,False,OK
GH,2026-10-02,"Guardant Health, Inc. - Common Stock",Healthcare,Diagnostics & Research,NASDAQ,177.8000030517578,1650700.0,2026-10-02,96.0,214.0,VALID,True,35,90.0,165.33159973144532,129.99646657307943,123.93069988250733,117.05989990234374,183.10000610351562,61.459999084472656,183.10000610351562,-0.028945946887415475,-0.028945946887415475,1.8929385893316333,318369231.21788025,0.23101709847164686,0.24069588379305346,False,-0.04021167777729118,False,116.84,93.0,37.0,19.0,,,,,,,,,,,,,,True,True,True,True,True,True,True,True,True,9,True,True,True,True,False,True,False,False,OK
HNGE,2026-10-02,"Hinge Health, Inc. Class A Common Stock",Healthcare,Health Information Services,NYSE,97.66999816894531,975300.0,2026-10-02,96.0,228.0,VALID,True,35,90.0,88.5133999633789,67.46286664326986,61.15760003089905,56.53210001945496,97.94000244140625,31.170000076293945,97.94000244140625,-0.002756833425876959,-0.002756833425876959,2.133461595440525,168146466.09508514,0.1269034825502931,0.12819540006193073,False,-0.010077721283396346,False,90.47,63.0,37.0,19.0,,,,,,,,,,,,,,True,True,True,True,True,True,True,True,True,9,True,True,True,True,False,True,False,False,OK
MTD,2026-10-02,"Mettler-Toledo International, Inc. Common Stock",Healthcare,Diagnostics & Research,NYSE,1486.18994140625,129300.0,2026-10-02,75.0,1471.0,VALID,True,35,90.0,1408.4747973632811,1287.9869970703126,1318.6039978027343,1319.6894494628907,1545.260009765625,1025.530029296875,1545.260009765625,-0.038226620753833096,-0.038226620753833096,0.44919202651258594,298624232.50061035,1.9310195846367526,2.2551449145289615,False,-0.14372705177569922,False,116.84,93.0,37.0,19.0,,,,,,,,,,,,,,True,True,True,True,False,False,True,True,True,7,False,True,True,False,False,True,False,False,OK
NTNX,2026-10-02,"Nutanix, Inc. - Class A Common Stock",Technology,Software - Infrastructure,NASDAQ,72.29000091552734,1960300.0,2026-10-02,90.0,590.0,VALID,True,35,90.0,65.9646997833252,52.24456667582194,50.512674961090084,48.826425018310545,76.91999816894531,34.40999984741211,72.29000091552734,-0.06019237342217232,0.0,1.1008428141845545,162053430.94654083,0.09392703022145824,0.11617984342707041,False,-0.19153764154950803,False,93.33,70.0,52.0,69.0,,,,,,,,,,,,,,True,True,True,True,True,True,True,True,True,9,True,True,True,True,False,True,False,False,OK
SAIL,2026-10-02,"SailPoint, Inc. - Common Stock",Technology,Software - Infrastructure,NASDAQ,20.43000030517578,6806000.0,2026-10-02,81.0,1079.0,VALID,True,35,90.0,18.886000003814697,15.56383331934611,16.06167498111725,16.01087498188019,23.6299991607666,10.489999771118164,22.1200008392334,-0.13542103128398952,-0.07640146789959101,0.9475691850275494,116019633.61440659,0.026544878016130653,0.035563699969962,False,-0.2535962782682586,False,93.33,70.0,52.0,69.0,,,,,,,,,,,,,,True,True,True,True,False,True,True,True,True,8,False,True,True,False,False,True,False,False,OK
SIMO,2026-10-02,"Silicon Motion Technology Corporation - American Depositary Shares, each representing four ordinary shares",Technology,Semiconductors,NASDAQ,280.5,641300.0,2026-10-02,97.0,125.0,VALID,True,35,90.0,256.1949194335937,229.9801666768392,200.96231216430664,182.8704776763916,336.217041015625,79.53024291992188,336.217041015625,-0.1657174807300611,-0.1657174807300611,2.5269601814549008,196090857.07763672,0.36445610241319,0.4527894251100373,False,-0.1950869825976621,False,127.32,97.0,52.0,69.0,,,,,,,,,,,,,,True,True,True,True,True,True,True,True,True,9,True,True,True,True,False,False,False,False,OK
VEEV,2026-10-02,Veeva Systems Inc. Class A Common Stock,Healthcare,Health Information Services,NYSE,273.3299865722656,1081200.0,2026-10-02,87.0,731.0,VALID,True,35,90.0,250.73419982910156,199.11033365885416,201.22570037841797,198.63155067443847,306.2200012207031,151.42999267578125,285.69000244140625,-0.10740648722267021,-0.04326373258957705,0.8049924043612549,405404782.20443726,0.3551400412790641,0.46258328877711646,False,-0.23226789662481961,False,90.47,63.0,37.0,19.0,,,,,,,,,,,,,,True,True,True,True,False,True,True,True,True,8,False,True,True,False,False,True,False,False,OK
WBD,2026-10-02,"Warner Bros. Discovery, Inc. - Series A Common Stock",Communication Services,Entertainment,NASDAQ,30.940000534057617,59649600.0,2026-10-02,84.0,949.0,VALID,True,35,90.0,28.224000091552735,27.463533376057942,27.678150033950807,27.266250009536744,30.950000762939453,17.100000381469727,30.950000762939453,-0.0003231091643076667,-0.0003231091643076667,0.8093567160141992,1538727563.356781,0.04020061320251214,0.04444884447936621,False,-0.09557574165569493,False,101.74,83.0,34.0,0.0,,,,,,,,,,,,,,True,True,True,True,False,True,True,True,True,8,False,True,True,False,False,True,False,False,OK
ZS,2026-10-02,"Zscaler, Inc. - Common Stock",Technology,Software - Infrastructure,NASDAQ,196.60000610351562,1786300.0,2026-10-02,73.0,1598.0,VALID,True,35,90.0,179.08849975585937,155.07036631266277,166.42154983520507,173.0780249786377,336.2699890136719,118.05000305175781,232.77999877929688,-0.4153507225543033,-0.1554256932103698,0.6653960272861523,671926250.5776978,0.25544410680533575,0.4974066803992364,False,-0.4864481783792949,False,93.33,70.0,52.0,69.0,,,,,,,,,,,,,,True,True,True,True,False,False,True,False,True,6,False,True,True,False,False,False,False,False,OK
DOCN,2026-10-02,"DigitalOcean Holdings, Inc. Common Stock",Technology,Software - Infrastructure,NYSE,140.07000732421875,1930600.0,2026-10-02,97.0,124.0,VALID,True,35,89.0,124.73760009765626,121.9856662495931,105.41049976348877,96.76649971008301,181.2899932861328,37.290000915527344,181.2899932861328,-0.22737044232141324,-0.22737044232141324,2.756235019717964,369209650.2934265,0.18199418514927537,0.2413899460868973,False,-0.24605731059006164,False,93.33,70.0,52.0,69.0,,,,,,,,,,,,,,True,True,True,True,True,True,True,True,True,9,True,True,True,True,False,False,False,False,OK
ELF,2026-10-02,"e.l.f. Beauty, Inc. Common Stock",Consumer Defensive,Household & Personal Products,NYSE,104.68000030517578,1022800.0,2026-10-02,87.0,736.0,VALID,True,35,89.0,96.9238005065918,76.28000030517578,78.2755502319336,75.84905017852783,145.07000732421875,49.56999969482422,109.66999816894531,-0.27841735010583435,-0.04550011805491694,1.1117611650117842,139574917.289505,0.13601163961438825,0.21832949915878574,False,-0.37703498547637726,False,85.93,46.0,34.0,0.0,,,,,,,,,,,,,,True,True,True,True,False,True,True,False,True,7,False,True,True,False,False,False,False,False,OK
PLTR,2026-10-02,Palantir Technologies Inc. - Class A Common Stock,Technology,Software - Infrastructure,NASDAQ,188.75,17824100.0,2026-10-02,84.0,929.0,VALID,True,35,89.0,169.77599884033202,149.11496607462564,152.10452465057372,151.35649982452392,207.17999267578125,107.2699966430664,194.1699981689453,-0.08895643077187765,-0.027913674718322956,0.7595786884197708,4140820168.4645844,0.2452445252423872,0.30645825012296474,False,-0.19974572345830421,False,93.33,70.0,52.0,69.0,,,,,,,,,,,,,,True,True,True,True,False,True,True,True,True,8,False,True,True,False,False,False,False,False,OK
PSX,2026-10-02,Phillips 66 Common Stock,Energy,Oil & Gas Refining & Marketing,NYSE,264.5799865722656,2056600.0,2026-10-02,95.0,242.0,VALID,True,35,89.0,240.2596356201172,196.37580912272136,182.42220443725586,169.91982131958008,274.2099914550781,123.11430358886719,274.2099914550781,-0.035119088227644424,-0.035119088227644424,1.1490596856707613,865774845.2683258,0.34377108977776144,0.36046539616635437,False,-0.04631320111761439,False,143.69,99.0,73.0,89.0,,,,,,,,,,,,,,True,True,True,True,True,True,True,True,True,9,True,True,True,True,False,False,False,False,OK
PWR,2026-10-02,"Quanta Services, Inc. Common Stock",Industrials,Engineering & Construction,NYSE,676.5599975585938,868400.0,2026-10-02,86.0,795.0,VALID,True,35,89.0,642.9331103515625,648.9501354980468,605.447748413086,586.6424285888672,784.9856567382812,411.8881530761719,784.9856567382812,-0.13812438259090032,-0.13812438259090032,0.6425818332130451,526784203.34381104,0.8790603199960157,1.0751294611288922,False,-0.18236793634787263,False,82.19,31.0,45.0,49.0,,,,,,,,,,,,,,True,True,True,False,True,True,True,True,True,8,False,True,True,False,False,False,False,False,OK
ROK,2026-10-02,"Rockwell Automation, Inc. Common Stock",Industrials,Specialty Industrial Machinery,NYSE,454.3500061035156,716500.0,2026-10-02,75.0,1479.0,VALID,True,35,89.0,437.3502020263672,427.8916859944662,421.7750910949707,417.80970947265627,493.55963134765625,329.34442138671875,493.55963134765625,-0.07944252883299918,-0.07944252883299918,0.37955883445802874,294076649.6331787,0.5903409353151386,0.662567095676421,False,-0.10900957930539246,False,94.29,73.0,45.0,49.0,,,,,,,,,,,,,,True,True,True,True,True,True,True,True,True,9,True,True,True,False,False,False,False,False,OK
SHOP,2026-10-02,Shopify Inc. - Class A Subordinate Voting Shares,Technology,Software - Application,NASDAQ,151.38999938964844,5730900.0,2026-10-02,76.0,1396.0,VALID,True,35,89.0,140.7452001953125,125.1290667215983,129.54879997253417,131.27764991760253,179.00999450683594,95.4000015258789,170.8300018310547,-0.15429303371177283,-0.11379735545886005,0.5868972428536205,1448549444.651451,0.196702349810647,0.26328232633161114,False,-0.25288433693458356,False,85.2,43.0,52.0,69.0,,,,,,,,,,,,,,True,True,True,True,False,False,True,True,True,7,False,True,True,False,False,False,False,False,OK
VTRS,2026-10-02,Viatris Inc. - Common Stock,Healthcare,Drug Manufacturers - Specialty & Generic,NASDAQ,17.600000381469727,7525600.0,2026-10-02,88.0,687.0,VALID,True,35,89.0,16.89418481826782,15.737115713755289,15.135866026878357,14.480610947608948,18.270000457763672,9.406516075134277,18.270000457763672,-0.036672143377491584,-0.036672143377491584,0.8710434597560062,155633965.2239418,0.022867834372552992,0.02430738575889401,False,-0.05922279757354365,False,86.39,48.0,37.0,19.0,,,,,,,,,,,,,,True,True,True,True,True,True,True,True,True,9,True,True,True,False,False,False,False,False,OK
CRM,2026-10-02,"Salesforce, Inc. Common Stock",Technology,Software - Application,NYSE,234.69000244140625,7901800.0,2026-10-02,80.0,1133.0,VALID,True,35,88.0,219.77396179199218,191.49241434733074,199.65625091552735,199.60023963928222,264.4169616699219,149.85635375976562,264.4169616699219,-0.11242455491801817,-0.11242455491801817,0.5660997785762041,2912990248.0052185,0.3049347720682245,0.3932913293171056,False,-0.2246593063780472,False,85.2,43.0,52.0,69.0,,,,,,,,,,,,,,True,True,True,True,False,True,True,True,True,8,False,True,True,False,False,False,False,False,OK
DE,2026-10-02,Deere & Company Common Stock,Industrials,Farm & Heavy Construction Machinery,NYSE,687.0,1071300.0,2026-10-02,87.0,775.0,VALID,True,35,88.0,647.5731896972657,602.9195418294271,584.889949798584,563.709087524414,707.791015625,434.1560974121094,707.791015625,-0.029374511919511903,-0.029374511919511903,0.5823801717746839,866130007.1170044,0.8926251064451391,0.96704906401692,False,-0.07695985688941087,False,94.26,72.0,45.0,49.0,,,,,,,,,,,,,,True,True,True,True,True,True,True,True,True,9,True,True,True,False,False,False,False,False,OK
EXEL,2026-10-02,"Exelixis, Inc. - Common Stock",Healthcare,Biotechnology,NASDAQ,58.38999938964844,1969300.0,2026-10-02,83.0,1003.0,VALID,True,35,88.0,55.834200057983395,50.793466593424476,49.07744998931885,47.56924993515015,59.130001068115234,34.540000915527344,59.130001068115234,-0.012514826062904105,-0.012514826062904105,0.6905037012723241,122680707.25625992,0.07586663671108668,0.07688859736627521,False,-0.013291446198715362,False,87.47,55.0,37.0,19.0,,,,,,,,,,,,,,True,True,True,True,True,True,True,True,True,9,True,True,True,False,False,False,False,False,OK
FIX,2026-10-02,"Comfort Systems USA, Inc. Common Stock",Industrials,Engineering & Construction,NYSE,1728.010009765625,276600.0,2026-10-02,91.0,528.0,VALID,True,35,88.0,1656.63208984375,1691.9407470703125,1554.8365731811523,1487.1759490966797,2065.4404296875,789.1041259765625,2065.4404296875,-0.16336971769886777,-0.16336971769886777,1.1898377576306696,512049827.64160156,2.245218513690403,2.7815650923944975,False,-0.19282186858420158,False,82.19,31.0,45.0,49.0,,,,,,,,,,,,,,True,True,True,False,True,True,True,True,True,8,False,True,True,False,False,False,False,False,OK
NDSN,2026-10-02,Nordson Corporation - Common Stock,Industrials,Specialty Industrial Machinery,NASDAQ,333.5400085449219,316300.0,2026-10-02,86.0,780.0,VALID,True,35,88.0,314.803984375,291.78093404134114,285.6286461639404,276.92134895324705,333.6978454589844,223.90249633789062,333.6978454589844,-0.0004729935065820312,-0.0004729935065820312,0.48966632351243455,115543749.74136353,0.43337144924472126,0.43866572995731773,False,-0.012069054751807529,False,94.29,73.0,45.0,49.0,,,,,,,,,,,,,,True,True,True,True,True,True,True,True,True,9,True,True,True,False,False,False,False,False,OK
NVDA,2026-10-02,NVIDIA Corporation - Common Stock,Technology,Semiconductors,NASDAQ,233.9499969482422,134914600.0,2026-10-02,83.0,960.0,VALID,True,35,88.0,218.11908416748048,205.44289479573567,200.37908630371095,196.08601936340332,235.202392578125,164.79331970214844,235.202392578125,-0.005324757185311446,-0.005324757185311446,0.4196570429619917,24630934462.00127,0.30397327646108396,0.31596280589260634,False,-0.03794601518888119,False,127.32,97.0,52.0,69.0,,,,,,,,,,,,,,True,True,True,True,True,True,True,True,True,9,True,True,True,False,False,False,False,False,OK
NVT,2026-10-02,nVent Electric plc Ordinary Shares,Industrials,Electrical Equipment & Parts,NYSE,169.55999755859375,1703700.0,2026-10-02,90.0,556.0,VALID,True,35,88.0,157.42600036621093,150.43179153442384,140.26985313415528,134.88464828491212,184.09619140625,94.5465316772461,184.09619140625,-0.0789597749775216,-0.0789597749775216,0.793402619330569,310541537.5201416,0.2203107872919611,0.24792559121924307,False,-0.11138343480993018,False,81.52,30.0,45.0,49.0,,,,,,,,,,,,,,True,True,True,True,True,True,True,True,True,9,True,True,True,True,False,False,False,False,OK
SNX,2026-10-02,TD SYNNEX Corporation Common Stock,Technology,Electronics & Computer Distribution,NYSE,278.3699951171875,854400.0,2026-10-02,92.0,455.0,VALID,True,35,88.0,258.6924008178711,234.90635080973308,215.07510795593262,203.55003692626954,289.56829833984375,141.35342407226562,289.56829833984375,-0.03867240746607448,-0.03867240746607448,0.9693190804834939,306018049.87335205,0.3616885684463062,0.3957132930354086,False,-0.08598327422389074,False,142.46,99.0,52.0,69.0,,,,,,,,,,,,,,True,True,True,True,True,True,True,True,True,9,True,True,True,True,False,False,False,False,OK
SU,2026-10-02,Suncor Energy  Inc. Common Stock,Energy,Oil & Gas Integrated,NYSE,69.55999755859375,2788900.0,2026-10-02,89.0,608.0,VALID,True,35,88.0,66.59821563720703,63.293452758789066,59.71942743301392,57.20790779113769,71.87000274658203,37.38722610473633,71.87000274658203,-0.03214143731333219,-0.03214143731333219,0.8605284426217883,291876612.15766907,0.09037991299135861,0.10429405824060752,False,-0.13341263619398935,False,103.66,88.0,73.0,89.0,,,,,,,,,,,,,,True,True,True,True,True,True,True,True,True,9,True,True,True,False,False,False,False,False,OK
TEAM,2026-10-02,Atlassian Corporation  - Class A Common Stock,Technology,Software - Application,NASDAQ,187.88999938964844,1748500.0,2026-10-02,97.0,160.0,VALID,True,35,88.0,163.61619995117186,108.67850006103515,112.35717498779297,109.05392486572265,195.6699981689453,57.150001525878906,195.6699981689453,-0.03976081592528802,-0.03976081592528802,2.287663943535807,576853683.23349,0.24412711893036693,0.26045550318769445,False,-0.06269164620246337,False,85.2,43.0,52.0,69.0,,,,,,,,,,,,,,True,True,True,True,False,True,True,True,True,8,False,True,True,False,False,False,False,False,OK
ZBRA,2026-10-02,Zebra Technologies Corporation - Class A Common Stock,Technology,Communication Equipment,NASDAQ,375.8599853515625,332400.0,2026-10-02,92.0,440.0,VALID,True,35,88.0,350.87599853515627,273.39859893798825,267.17839958190916,256.59444953918455,383.05999755859375,199.3000030517578,383.05999755859375,-0.018796043055709366,-0.018796043055709366,0.8859005499059245,197364929.73815918,0.48835816511340163,0.49835340744568085,False,-0.02005653454545442,False,109.67,90.0,52.0,69.0,,,,,,,,,,,,,,True,True,True,True,True,True,True,True,True,9,True,True,True,True,False,False,False,False,OK
AVTR,2026-10-02,"Avantor, Inc. Common Stock",Healthcare,Medical Instruments & Supplies,NYSE,15.34000015258789,6149100.0,2026-10-02,92.0,450.0,VALID,True,35,87.0,14.365399990081787,10.652399991353352,10.735600018501282,10.346300024986267,15.859999656677246,7.409999847412109,15.859999656677246,-0.032786854687631095,-0.032786854687631095,1.0701755018180301,136755184.95313168,0.019931396315971205,0.02348955665749443,False,-0.1514783949908216,False,92.82,68.0,37.0,19.0,,,,,,,,,,,,,,True,True,True,True,False,True,True,True,True,8,False,True,True,False,False,False,False,False,OK
BP,2026-10-02,BP p.l.c. Common Stock,Energy,Oil & Gas Integrated,NYSE,44.790000915527344,7559300.0,2026-10-02,81.0,1105.0,VALID,True,35,87.0,43.65059204101563,42.77369519551595,40.867240505218504,39.86582536697388,46.959999084472656,31.174026489257812,46.959999084472656,-0.046209501943172415,-0.046209501943172415,0.43677304344889256,413577694.4346237,0.05819603978879254,0.07354837401601708,False,-0.20873791477539883,False,103.66,88.0,73.0,89.0,,,,,,,,,,,,,,True,True,True,True,True,True,True,True,True,9,True,True,True,False,False,False,False,False,OK
EMR,2026-10-02,Emerson Electric Company Common Stock,Industrials,Specialty Industrial Machinery,NYSE,161.61000061035156,2900600.0,2026-10-02,81.0,1092.0,VALID,True,35,87.0,154.48851776123047,143.68815607706705,143.82451274871826,141.63303924560546,163.82443237304688,122.3354263305664,163.82443237304688,-0.013517103222142057,-0.013517103222142057,0.3210400736550352,377537108.22875977,0.20998128675023883,0.23280536642549066,False,-0.0980393193923933,False,94.29,73.0,45.0,49.0,,,,,,,,,,,,,,True,True,True,True,False,True,True,True,True,8,False,True,True,False,False,False,False,False,OK
FROG,2026-10-02,JFrog Ltd. - Ordinary shares,Technology,Software - Application,NASDAQ,95.5,1154500.0,2026-10-02,93.0,410.0,VALID,True,35,87.0,89.73910018920898,72.68193346659342,68.40442510604858,65.5302751159668,104.02999877929688,34.75,104.02999877929688,-0.0819955674265993,-0.0819955674265993,1.7482014388489207,151368324.4857788,0.12408398495707539,0.13524617676240921,False,-0.08253240182118249,False,85.2,43.0,52.0,69.0,,,,,,,,,,,,,,True,True,True,True,True,True,True,True,True,9,True,True,True,True,False,False,False,False,OK
IOT,2026-10-02,Samsara Inc. Class A Common Stock,Technology,Software - Infrastructure,NYSE,41.119998931884766,5716400.0,2026-10-02,78.0,1275.0,VALID,True,35,87.0,39.09440017700195,34.37660011291504,33.635800008773806,33.632149953842166,45.220001220703125,24.25,42.90999984741211,-0.09066789425342281,-0.04171523938225552,0.6956700590467944,287128370.64727783,0.05342757412459628,0.06665966975916182,False,-0.1985022680486187,False,93.33,70.0,52.0,69.0,,,,,,,,,,,,,,True,True,True,True,True,True,True,True,True,9,True,True,True,False,False,False,False,False,OK
MAR,2026-10-02,Marriott International - Class A Common Stock,Consumer Cyclical,Lodging,NASDAQ,358.9599914550781,1000900.0,2026-10-02,70.0,1733.0,VALID,True,35,87.0,351.61662658691404,356.0656024169922,348.2703799438477,343.195428314209,401.7236328125,256.9007873535156,401.7236328125,-0.10645039988817717,-0.10645039988817717,0.3972708887074021,545587229.728241,0.46639985528695105,0.5443325924871013,False,-0.14317117563008497,False,89.08,60.0,35.0,9.0,,,,,,,,,,,,,,True,True,True,False,True,True,True,True,True,8,False,True,True,False,False,False,False,False,OK
MSFT,2026-10-02,Microsoft Corporation - Common Stock,Technology,Software - Infrastructure,NASDAQ,517.530029296875,17803300.0,2026-10-02,83.0,963.0,VALID,True,35,87.0,487.3905255126953,427.71717631022136,431.4557308959961,429.39115631103516,537.6463623046875,352.1670227050781,517.530029296875,-0.03741554750148657,0.0,0.4695584649624618,10681883933.50296,0.672431291833594,0.7909744060170387,False,-0.1498697218034779,False,93.33,70.0,52.0,69.0,,,,,,,,,,,,,,True,True,True,True,False,True,True,True,True,8,False,True,True,False,False,False,False,False,OK
TMO,2026-10-02,Thermo Fisher Scientific Inc Common Stock,Healthcare,Diagnostics & Research,NYSE,654.7999877929688,1667700.0,2026-10-02,84.0,909.0,VALID,True,35,87.0,617.1179809570312,531.5862650553386,541.7445086669921,534.7882904052734,679.6099853515625,437.5656433105469,679.6099853515625,-0.03650622870963194,-0.03650622870963194,0.49646115457983386,1499171467.3980713,0.8507873490596427,0.9330387512245835,False,-0.08815432591303252,False,116.84,93.0,37.0,19.0,,,,,,,,,,,,,,True,True,True,True,False,True,True,True,True,8,False,True,True,False,False,False,False,False,OK
TSEM,2026-10-02,Tower Semiconductor Ltd. - Ordinary Shares,Technology,Semiconductors,NASDAQ,240.86000061035156,1997700.0,2026-10-02,96.0,225.0,VALID,True,35,87.0,224.35440124511717,220.10066757202148,196.6915506362915,185.49885066986084,316.8500061035156,71.11000061035156,316.8500061035156,-0.23982958506978203,-0.23982958506978203,2.3871466536774197,446684091.62216187,0.3129515046334663,0.4267074972653017,False,-0.26659009593428484,False,127.32,97.0,52.0,69.0,,,,,,,,,,,,,,True,True,True,True,True,True,True,True,True,9,True,True,True,True,False,False,False,False,OK
WST,2026-10-02,"West Pharmaceutical Services, Inc. Common Stock",Healthcare,Medical Instruments & Supplies,NYSE,364.9800109863281,473000.0,2026-10-02,83.0,988.0,VALID,True,35,87.0,351.8175921630859,317.3065533447266,302.05462028503416,293.0116614532471,376.6300048828125,230.62542724609375,376.6300048828125,-0.03093219803374203,-0.03093219803374203,0.5825662215331897,231280091.35131836,0.4742217192969712,0.49284218642589966,False,-0.037781804483833725,False,92.82,68.0,37.0,19.0,,,,,,,,,,,,,,True,True,True,True,True,True,True,True,True,9,True,True,True,False,False,False,False,False,OK
AAPL,2026-10-02,Apple Inc. - Common Stock,Technology,Consumer Electronics,NASDAQ,333.69000244140625,33245500.0,2026-10-02,81.0,1129.0,VALID,True,35,86.0,322.3551904296875,296.8225939941406,288.7989701080322,283.17284385681154,341.07000732421875,244.36732482910156,341.07000732421875,-0.021637800816056818,-0.021637800816056818,0.3655262735096543,13988005526.706696,0.433566337625821,0.4643676675192455,False,-0.06632961777457946,False,74.82,16.0,52.0,69.0,,,,,,,,,,,,,,True,True,True,True,True,True,True,True,True,9,True,True,True,False,False,False,False,False,OK
AME,2026-10-02,"AMETEK, Inc.",Industrials,Specialty Industrial Machinery,NYSE,251.92999267578125,1588800.0,2026-10-02,79.0,1203.0,VALID,True,35,86.0,243.580947265625,233.21445332845053,229.64533699035644,225.0329383087158,258.143798828125,178.19007873535156,258.143798828125,-0.024071103704803587,-0.024071103704803587,0.4138272706526407,360619726.43455505,0.3273348421090864,0.3529290912439357,False,-0.07251952239085657,False,94.29,73.0,45.0,49.0,,,,,,,,,,,,,,True,True,True,True,True,True,True,True,True,9,True,True,True,False,False,False,False,False,OK
DDS,2026-10-02,"Dillard's, Inc. Common Stock",Consumer Cyclical,Department Stores,NYSE,654.1099853515625,188300.0,2026-10-02,77.0,1331.0,VALID,True,35,86.0,627.2753747558594,590.9223059082032,603.5485009765625,602.3926397705078,699.2051391601562,510.16400146484375,699.1512451171875,-0.06449488323664121,-0.0644227698658757,0.2821562938063129,127046593.1665039,0.8498908228548281,1.0278932739603348,False,-0.1731721138904696,False,90.77,64.0,35.0,9.0,,,,,,,,,,,,,,True,True,True,True,False,True,False,True,True,7,False,True,True,False,False,False,False,False,OK
NBIS,2026-10-02,Nebius Group N.V. - Class A Ordinary Shares,Communication Services,Internet Content & Information,NASDAQ,242.80999755859375,12239100.0,2026-10-02,97.0,178.0,VALID,True,35,86.0,218.85150024414062,192.3610669962565,167.73955032348633,154.08627536773682,286.69000244140625,73.87000274658203,286.69000244140625,-0.1530573250170476,-0.1530573250170476,2.2869905040016882,3588231347.3953247,0.31548515271715244,0.3848754887833631,False,-0.1802929469100818,False,75.01,16.0,34.0,0.0,,,,,,,,,,,,,,True,True,True,True,True,True,True,True,True,9,True,True,True,True,False,False,False,False,OK
RGEN,2026-10-02,Repligen Corporation - Common Stock,Healthcare,Medical Instruments & Supplies,NASDAQ,181.6999969482422,1460500.0,2026-10-02,87.0,756.0,VALID,True,35,86.0,169.66519927978516,139.89893305460612,143.50734966278077,141.88169971466064,194.57000732421875,102.87000274658203,194.57000732421875,-0.06614591093955613,-0.06614591093955613,0.7663069125783548,199434157.54684448,0.23608439463901915,0.257196898519433,False,-0.08208693029328529,False,92.82,68.0,37.0,19.0,,,,,,,,,,,,,,True,True,True,True,False,True,True,True,True,8,False,True,True,False,False,False,False,False,OK
SN,2026-10-02,"SharkNinja, Inc. Ordinary Shares",Consumer Cyclical,"Furnishings, Fixtures & Appliances",NYSE,182.57000732421875,925100.0,2026-10-02,93.0,411.0,VALID,True,35,86.0,175.3746011352539,139.6750671895345,134.93600032806395,127.71200019836425,192.86000061035156,84.56999969482422,192.86000061035156,-0.05335473013360814,-0.05335473013360814,1.1588034525604032,351124276.30744934,0.23721480672703144,0.2515716064902195,False,-0.05706844251418419,False,101.13,81.0,35.0,9.0,,,,,,,,,,,,,,True,True,True,True,True,True,True,True,True,9,True,True,True,True,False,False,False,False,OK
TEVA,2026-10-02,Teva Pharmaceutical Industries Limited Ordinary Shares,Healthcare,Drug Manufacturers - Specialty & Generic,NYSE,39.529998779296875,4775000.0,2026-10-02,90.0,596.0,VALID,True,35,86.0,36.9269998550415,33.979866676330566,33.67989997863769,32.515949983596805,40.220001220703125,18.950000762939453,40.220001220703125,-0.017155704138842043,-0.017155704138842043,1.086015682733151,205506369.65595245,0.05136167302495793,0.05298266573318974,False,-0.030594774456891516,False,86.39,48.0,37.0,19.0,,,,,,,,,,,,,,True,True,True,True,True,True,True,True,True,9,True,True,True,True,False,False,False,False,OK
TT,2026-10-02,Trane Technologies plc,Industrials,Building Products & Equipment,NYSE,463.9100036621094,1331800.0,2026-10-02,67.0,1941.0,VALID,True,35,86.0,453.76639770507813,456.80688212076825,445.90401428222657,442.1329650878906,502.2725524902344,373.790283203125,502.2725524902344,-0.07637795184691265,-0.07637795184691265,0.24109701217142532,514730175.75805664,0.6027623237261358,0.6896095839894181,False,-0.12593685221262085,False,82.61,34.0,45.0,49.0,,,,,,,,,,,,,,True,True,True,False,True,True,False,True,False,6,False,True,True,False,False,False,False,False,OK
XOM,2026-10-02,ExxonMobil Holdings Corporation Common Stock,Energy,Oil & Gas Integrated,NYSE,164.00999450683594,11287000.0,2026-10-02,84.0,924.0,VALID,True,35,86.0,160.2174642944336,152.81771189371744,147.64840522766113,142.85394500732423,169.32000732421875,107.52367401123047,169.32000732421875,-0.03136081140851266,-0.03136081140851266,0.5253384523459055,2297554136.5920258,0.21309961980310207,0.26911959784927364,False,-0.20816015813737498,False,103.66,88.0,73.0,89.0,,,,,,,,,,,,,,True,True,True,True,True,True,True,True,True,9,True,True,True,False,False,False,False,False,OK
APA,2026-10-02,APA Corporation - Common Stock,Energy,Oil & Gas E&P,NASDAQ,43.68000030517578,3977000.0,2026-10-02,92.0,466.0,VALID,True,35,85.0,41.57920013427734,38.170794054667155,35.050331087112426,33.13745196342468,47.40999984741211,21.16434669494629,47.40999984741211,-0.07867537553767634,-0.07867537553767634,1.0638482696754288,273075506.72792435,0.05675380629102073,0.06940415329343357,False,-0.18227074896985596,False,99.05,80.0,73.0,89.0,,,,,,,,,,,,,,True,True,True,True,True,True,True,True,True,9,True,True,True,True,False,False,False,False,OK
BJ,2026-10-02,"BJ's Wholesale Club Holdings, Inc. Common Stock",Consumer Defensive,Discount Stores,NYSE,94.95999908447266,2439100.0,2026-10-02,64.0,2086.0,VALID,True,35,85.0,93.81700012207031,93.01313329060872,93.56810009002686,93.38490016937256,102.77999877929688,83.81999969482422,102.77999877929688,-0.07608483934326926,-0.07608483934326926,0.13290383476744783,170018569.37141418,0.12338235704629945,0.15788705206602424,False,-0.21854037153911665,False,101.18,82.0,34.0,0.0,,,,,,,,,,,,,,True,True,True,True,False,True,False,True,False,6,False,True,True,False,False,False,False,False,OK
BWIN,2026-10-02,"The Baldwin Insurance Group, Inc. - Class A Common Stock",Financial Services,Insurance Brokers,NASDAQ,31.770000457763672,2551000.0,2026-10-02,84.0,912.0,VALID,True,35,85.0,30.424600105285645,25.082400080362955,24.37830008506775,23.830000047683715,32.4900016784668,16.5,32.4900016784668,-0.02216070124675662,-0.02216070124675662,0.9254545731977983,173014929.6296692,0.041279039360077756,0.04447024237301442,False,-0.07176041421517321,False,80.34,26.0,57.0,79.0,,,,,,,,,,,,,,True,True,True,True,True,True,True,True,True,9,True,True,True,False,False,False,False,False,OK
CAKE,2026-10-02,The Cheesecake Factory Incorporated - Common Stock,Consumer Cyclical,Restaurants,NASDAQ,109.6500015258789,733300.0,2026-10-02,96.0,209.0,VALID,True,35,85.0,105.28511154174805,78.96882146199545,73.57807052612304,67.89327199935913,117.29000091552734,42.609012603759766,117.29000091552734,-0.06513768718572,-0.06513768718572,1.573399260517094,141000173.06873322,0.14246920565319846,0.1522107206859338,False,-0.06400018992640899,False,86.51,51.0,35.0,9.0,,,,,,,,,,,,,,True,True,True,True,True,True,True,True,True,9,True,True,True,True,False,False,False,False,OK
NEU,2026-10-02,NewMarket Corp Common Stock,Basic Materials,Specialty Chemicals,NYSE,924.0599975585938,113500.0,2026-10-02,84.0,898.0,VALID,True,35,85.0,891.6385400390625,765.468944498698,740.7363751220703,726.0640710449219,958.6426391601562,577.5913696289062,958.6426391601562,-0.036074591499351105,-0.036074591499351105,0.5998507701946592,108002981.72698975,1.200639233890007,1.2900766269337751,False,-0.06932719435150214,False,95.0,75.0,48.0,59.0,,,,,,,,,,,,,,True,True,True,True,True,True,True,True,True,9,True,True,True,False,False,False,False,False,OK
STRC,2026-10-02,Strategy Inc - Variable Rate Series A Perpetual Stretch Preferred Stock,Technology,Software - Application,NASDAQ,99.41000366210938,1821800.0,2026-10-02,75.0,1466.0,VALID,True,35,85.0,94.66190246582032,92.05630599975586,91.76649936676026,90.72081851959229,99.5,71.82429504394531,99.5,-0.0009044858079459983,-0.0009044858079459983,0.38407211099372285,151242525.22289276,0.12916428690043968,0.14868972631354974,False,-0.13131666791783414,False,85.2,43.0,52.0,69.0,,,,,,,,,,,,,,True,True,True,True,True,True,True,True,True,9,True,True,True,False,False,False,False,False,OK
TENB,2026-10-02,"Tenable Holdings, Inc. - Common Stock",Technology,Software - Infrastructure,NASDAQ,36.849998474121094,2044500.0,2026-10-02,88.0,681.0,VALID,True,35,85.0,35.13660015106201,28.42726680755615,26.89975009918213,26.01575005531311,42.650001525878906,16.040000915527344,42.650001525878906,-0.1359906880246774,-0.1359906880246774,1.2973813198756656,163393282.5061798,0.04787952519718422,0.05686911692406029,False,-0.15807510672058178,False,93.33,70.0,52.0,69.0,,,,,,,,,,,,,,True,True,True,True,True,True,True,True,True,9,True,True,True,False,False,False,False,False,OK
URI,2026-10-02,"United Rentals, Inc. Common Stock",Industrials,Rental & Leasing Services,NYSE,1081.0400390625,617300.0,2026-10-02,80.0,1183.0,VALID,True,35,85.0,1064.3736535644532,972.6189819335938,945.2578237915039,923.3251489257813,1164.8199462890625,707.7841796875,1164.8199462890625,-0.0719251996786906,-0.0719251996786906,0.5273582966205876,507191206.77978516,1.404604774293481,1.553005298738352,False,-0.09555699814123642,False,94.36,74.0,45.0,49.0,,,,,,,,,,,,,,True,True,True,True,True,True,True,True,True,9,True,True,True,False,False,False,False,False,OK
